{
  "Right Option Key Sends" : 0,
  "Tags" : [

  ],
  "Ansi 12 Color" : {
    "Red Component" : 0.32248216867446899,
    "Color Space" : "sRGB",
    "Blue Component" : 0.54853981733322144,
    "Alpha Component" : 1,
    "Green Component" : 0.490639328956604
  },
  "Ansi 6 Color" : {
    "Red Component" : 0.6605256199836731,
    "Color Space" : "sRGB",
    "Blue Component" : 0.67481726408004761,
    "Alpha Component" : 1,
    "Green Component" : 0.66785764694213867
  },
  "Draw Powerline Glyphs" : true,
  "Bold Color" : {
    "Red Component" : 0.34222304821014404,
    "Color Space" : "sRGB",
    "Blue Component" : 0.30137726664543152,
    "Alpha Component" : 1,
    "Green Component" : 0.28102889657020569
  },
  "Ansi 7 Color" : {
    "Red Component" : 0.65445339679718018,
    "Color Space" : "sRGB",
    "Blue Component" : 0.58500373363494873,
    "Alpha Component" : 1,
    "Green Component" : 0.61759054660797119
  },
  "Ansi 8 Color" : {
    "Red Component" : 0.44524776935577393,
    "Color Space" : "sRGB",
    "Blue Component" : 0.39542412757873535,
    "Alpha Component" : 1,
    "Green Component" : 0.39653533697128296
  },
  "Ansi 9 Color" : {
    "Red Component" : 0.7998165488243103,
    "Color Space" : "sRGB",
    "Blue Component" : 0.054524548351764679,
    "Alpha Component" : 1,
    "Green Component" : 0.14326789975166321
  },
  "Rows" : 25,
  "Default Bookmark" : "No",
  "Link Color" : {
    "Red Component" : 0,
    "Color Space" : "sRGB",
    "Blue Component" : 0.73423302173614502,
    "Alpha Component" : 1,
    "Green Component" : 0.35916060209274292
  },
  "Ansi 4 Color" : {
    "Red Component" : 0.32248216867446899,
    "Color Space" : "sRGB",
    "Blue Component" : 0.54853981733322144,
    "Alpha Component" : 1,
    "Green Component" : 0.490639328956604
  },
  "Cursor Guide Color" : {
    "Red Component" : 0.70213186740875244,
    "Color Space" : "sRGB",
    "Blue Component" : 1,
    "Alpha Component" : 0.25,
    "Green Component" : 0.9268307089805603
  },
  "Non-ASCII Anti Aliased" : true,
  "Use Bright Bold" : true,
  "Ansi 10 Color" : {
    "Red Component" : 0.59272688627243042,
    "Color Space" : "sRGB",
    "Blue Component" : 0.45948082208633423,
    "Alpha Component" : 1,
    "Green Component" : 0.57477015256881714
  },
  "Ambiguous Double Width" : false,
  "Jobs to Ignore" : [
    "rlogin",
    "ssh",
    "slogin",
    "telnet"
  ],
  "Show Status Bar" : false,
  "Ansi 15 Color" : {
    "Red Component" : 0.86744087934494019,
    "Color Space" : "sRGB",
    "Blue Component" : 0.77743369340896606,
    "Alpha Component" : 1,
    "Green Component" : 0.8361632227897644
  },
  "Foreground Color" : {
    "Red Component" : 0.34222304821014404,
    "Color Space" : "sRGB",
    "Blue Component" : 0.30137726664543152,
    "Alpha Component" : 1,
    "Green Component" : 0.28102889657020569
  },
  "Working Directory" : "\/Users\/temp\/garden",
  "Blinking Cursor" : false,
  "Disable Window Resizing" : true,
  "Sync Title" : false,
  "Prompt Before Closing 2" : false,
  "BM Growl" : true,
  "Command" : "",
  "Description" : "Default",
  "Mouse Reporting" : true,
  "Screen" : -1,
  "Selection Color" : {
    "Red Component" : 0.65445339679718018,
    "Color Space" : "sRGB",
    "Blue Component" : 0.58500373363494873,
    "Alpha Component" : 1,
    "Green Component" : 0.61759054660797119
  },
  "Columns" : 80,
  "Idle Code" : 0,
  "Background Image Mode" : 1,
  "Ansi 13 Color" : {
    "Red Component" : 0.66204947233200073,
    "Color Space" : "sRGB",
    "Blue Component" : 0.22538697719573975,
    "Alpha Component" : 1,
    "Green Component" : 0.39867371320724487
  },
  "Title Components" : 1,
  "Custom Command" : "No",
  "ASCII Anti Aliased" : true,
  "Non Ascii Font" : "Monaco 12",
  "Vertical Spacing" : 1.1499999999999999,
  "Use Bold Font" : true,
  "Option Key Sends" : 0,
  "Selected Text Color" : {
    "Red Component" : 0.34222304821014404,
    "Color Space" : "sRGB",
    "Blue Component" : 0.30137726664543152,
    "Alpha Component" : 1,
    "Green Component" : 0.28102889657020569
  },
  "Background Color" : {
    "Red Component" : 0.86744087934494019,
    "Color Space" : "sRGB",
    "Blue Component" : 0.77743369340896606,
    "Alpha Component" : 1,
    "Green Component" : 0.8361632227897644
  },
  "Character Encoding" : 4,
  "Ansi 11 Color" : {
    "Red Component" : 0.93876463174819946,
    "Color Space" : "sRGB",
    "Blue Component" : 0.35489144921302795,
    "Alpha Component" : 1,
    "Green Component" : 0.70357435941696167
  },
  "Use Italic Font" : true,
  "Unlimited Scrollback" : false,
  "Keyboard Map" : {
    "0xf728-0x80000" : {
      "Text" : "d",
      "Action" : 10
    },
    "0xf702-0x280000" : {
      "Text" : "b",
      "Action" : 10
    },
    "0xf70d-0x20000" : {
      "Text" : "[21;2~",
      "Action" : 10
    },
    "0x7f-0x80000" : {
      "Text" : "0x1b 0x7f",
      "Action" : 11
    },
    "0xf708-0x20000" : {
      "Text" : "[15;2~",
      "Action" : 10
    },
    "0x33-0x40000" : {
      "Text" : "0x1b",
      "Action" : 11
    },
    "0xf703-0x260000" : {
      "Text" : "[1;6C",
      "Action" : 10
    },
    "0xf729-0x20000" : {
      "Text" : "[1;2H",
      "Action" : 10
    },
    "0xf702-0x260000" : {
      "Text" : "[1;6D",
      "Action" : 10
    },
    "0x38-0x40000" : {
      "Text" : "0x7f",
      "Action" : 11
    },
    "0xf72b-0x40000" : {
      "Text" : "[1;5F",
      "Action" : 10
    },
    "0xf70c-0x20000" : {
      "Text" : "[20;2~",
      "Action" : 10
    },
    "0xf701-0x260000" : {
      "Text" : "[1;6B",
      "Action" : 10
    },
    "0x32-0x40000" : {
      "Text" : "0x00",
      "Action" : 11
    },
    "0xf707-0x20000" : {
      "Text" : "[1;2S",
      "Action" : 10
    },
    "0xf703-0x240000" : {
      "Text" : "[1;5C",
      "Action" : 10
    },
    "0xf700-0x260000" : {
      "Text" : "[1;6A",
      "Action" : 10
    },
    "0xf702-0x240000" : {
      "Text" : "[1;5D",
      "Action" : 10
    },
    "0xf703-0x300000" : {
      "Text" : "0x5",
      "Action" : 11
    },
    "0x37-0x40000" : {
      "Text" : "0x1f",
      "Action" : 11
    },
    "0x3-0x200000" : {
      "Text" : "0xd",
      "Action" : 11
    },
    "0xf701-0x240000" : {
      "Text" : "[1;5B",
      "Action" : 10
    },
    "0xf702-0x300000" : {
      "Text" : "0x1",
      "Action" : 11
    },
    "0xf703-0x220000" : {
      "Text" : "[1;2C",
      "Action" : 10
    },
    "0xf739-0x0" : {
      "Text" : "",
      "Action" : 13
    },
    "0xf70b-0x20000" : {
      "Text" : "[19;2~",
      "Action" : 10
    },
    "0xf728-0x0" : {
      "Text" : "0x4",
      "Action" : 11
    },
    "0xf706-0x20000" : {
      "Text" : "[1;2R",
      "Action" : 10
    },
    "0xf700-0x240000" : {
      "Text" : "[1;5A",
      "Action" : 10
    },
    "0xf702-0x220000" : {
      "Text" : "[1;2D",
      "Action" : 10
    },
    "0x36-0x40000" : {
      "Text" : "0x1e",
      "Action" : 11
    },
    "0xf70f-0x20000" : {
      "Text" : "[24;2~",
      "Action" : 10
    },
    "0xf701-0x220000" : {
      "Text" : "[1;2B",
      "Action" : 10
    },
    "0xf70a-0x20000" : {
      "Text" : "[18;2~",
      "Action" : 10
    },
    "0xf729-0x40000" : {
      "Text" : "[1;5H",
      "Action" : 10
    },
    "0xf72b-0x20000" : {
      "Text" : "[1;2F",
      "Action" : 10
    },
    "0xf700-0x220000" : {
      "Text" : "[1;2A",
      "Action" : 10
    },
    "0x30-0x200000" : {
      "Text" : "0",
      "Action" : 12
    },
    "0xf705-0x20000" : {
      "Text" : "[1;2Q",
      "Action" : 10
    },
    "0x31-0x200000" : {
      "Text" : "1",
      "Action" : 12
    },
    "0x33-0x200000" : {
      "Text" : "3",
      "Action" : 12
    },
    "0x35-0x40000" : {
      "Text" : "0x1d",
      "Action" : 11
    },
    "0x34-0x200000" : {
      "Text" : "4",
      "Action" : 12
    },
    "0x32-0x200000" : {
      "Text" : "2",
      "Action" : 12
    },
    "0x35-0x200000" : {
      "Text" : "5",
      "Action" : 12
    },